"Seconds since start", "emonth1:temperatureB", "emonth1:external temperatureB"
6300, 17.6, 16.1
8100, 17.5, 16.0
10800, 17.3, 15.6
12600, 17.1, 15.6
30600, 16.4, 15.6
41400, 17.4, 19.3
50400, 18.8, 19.1
54900, 18.9, 18.5
59400, 18.8, 18.5
66600, 18.7, 18.1
71100, 18.8, 18.3
84600, 18.5, 17.7
98100, 18.1, 17.5
102600, 18.0, 17.3
107100, 17.9, 17.2
111600, 17.8, 17.2
116100, 17.8, 17.7
129600, 19.4, 21.7
136800, 20.9, 23.2
141300, 21.3, 22.0
145800, 21.2, 20.8
148500, 21.0, 20.7
153000, 20.8, 20.6
155700, 20.7, 20.6
160200, 20.7, 21.0
164700, 20.7, 20.2
171900, 20.3, 20.0
183600, 19.7, 18.8
192600, 19.2, 18.0
195300, 19.1, 17.6
199800, 18.8, 17.3
208800, 18.4, 18.5
225000, 21.7, 24.3
229500, 22.3, 25.1
232200, 22.6, 24.7
234900, 22.8, 25.1
242100, 23.1, 24.7
244800, 23.0, 23.7
249300, 22.9, 22.6
252000, 22.5, 21.8
256500, 22.0, 21.2
263700, 21.2, 20.0
266400, 21.0, 19.8
270900, 20.6, 19.0
278100, 19.9, 18.0
282600, 19.4, 17.3
285300, 19.2, 17.3
294300, 18.9, 18.6
298800, 19.4, 21.2
303300, 20.8, 24.1
306000, 21.5, 25.1
313200, 22.7, 24.5
320400, 22.9, 23.1
330300, 22.2, 21.3
337500, 21.5, 20.2
340200, 21.2, 19.8
344700, 20.8, 19.3
347400, 20.6, 19.1
351900, 20.3, 19.0
356400, 20.0, 18.6
359100, 19.8, 18.7
360900, 19.8, 18.7
363600, 19.7, 18.7
372600, 19.6, 18.8
375300, 19.5, 19.1
384300, 20.3, 21.7
387000, 20.6, 21.8
391500, 20.9, 20.3
394200, 20.9, 20.1
396000, 21.0, 20.0
398700, 20.8, 19.8
403200, 20.6, 19.7
405900, 20.4, 19.7
410400, 20.4, 20.0
414900, 20.5, 19.8
417600, 20.5, 19.2
422100, 20.3, 18.8
424800, 20.1, 18.7
438300, 19.4, 18.3
441000, 19.3, 18.3
442800, 19.4, 18.3
445500, 19.3, 18.1
450000, 19.2, 17.7
454500, 19.0, 17.3
459000, 18.8, 17.2
463500, 18.6, 17.7
468000, 18.8, 18.7
470700, 19.3, 22.7
482400, 22.4, 25.8
486900, 22.9, 25.2
489600, 23.1, 25.1
492300, 23.2, 24.7
496800, 23.3, 24.5
499500, 23.3, 24.3
502200, 23.2, 23.7
506700, 22.9, 22.8
509400, 22.6, 22.0
512100, 22.3, 21.6
516600, 21.8, 20.8
519300, 21.5, 20.5
523800, 21.1, 19.6
526500, 20.8, 19.1
531000, 20.4, 18.3
542700, 19.3, 17.1
547200, 19.0, 17.5
551700, 19.1, 18.3
556200, 19.4, 20.1
563400, 21.2, 23.5
573300, 22.9, 24.3
577800, 22.8, 23.3
580500, 22.6, 23.2
585000, 22.5, 23.0
587700, 22.5, 22.6
590400, 22.5, 22.2
594900, 22.1, 21.5
602100, 21.4, 20.3
604800, 21.2, 19.8
616500, 20.2, 18.2
621000, 19.7, 17.8
623700, 19.5, 17.8
628200, 19.2, 17.5
632700, 19.0, 17.3
637200, 18.9, 18.1
639900, 19.1, 19.0
641700, 19.3, 19.5
648900, 21.1, 24.2
651600, 21.9, 25.5
656100, 22.7, 24.5
658800, 22.7, 23.7
666000, 22.3, 22.6
668700, 22.2, 22.3
673200, 22.1, 21.8
675900, 22.1, 21.5
683100, 21.4, 20.1
685800, 21.1, 19.7
690300, 20.7, 19.0
702000, 19.6, 17.2
709200, 18.9, 16.5
731700, 19.1, 20.3
734400, 19.7, 22.0
738900, 20.8, 22.6
746100, 21.5, 22.0
756000, 21.2, 19.6
760500, 20.8, 18.5
776700, 19.1, 17.1
779400, 18.9, 17.2
783900, 18.7, 17.2
806400, 18.1, 16.7
822600, 19.0, 19.5
824400, 19.2, 19.1
831600, 19.6, 18.8
840600, 19.6, 18.3
847800, 18.9, 16.2
852300, 18.3, 15.0
861300, 17.6, 15.1
865800, 17.3, 15.1
870300, 17.2, 15.5
874800, 17.1, 14.7
879300, 17.0, 15.1
881100, 17.0, 15.0
894600, 16.9, 15.2
899100, 17.0, 16.1
903600, 17.3, 15.6
905400, 17.3, 16.3
908100, 17.4, 17.1
909900, 17.4, 17.1
923400, 17.8, 17.5
936900, 17.7, 15.6
941400, 17.5, 16.3
945900, 17.5, 16.5
950400, 17.4, 16.1
952200, 17.3, 16.0
954900, 17.2, 15.8
956700, 17.2, 15.8
961200, 17.0, 15.7
976500, 16.0, 13.5
981000, 15.6, 13.8
998100, 17.6, 19.3
1007100, 19.0, 20.3
1009800, 19.1, 20.2
1011600, 19.2, 20.1
1014300, 19.3, 19.6
1018800, 19.2, 18.8
1023300, 19.2, 18.2
1027800, 18.9, 17.6
1032300, 18.6, 17.3
1045800, 17.8, 16.6
1054800, 17.5, 17.1
1059300, 17.5, 16.0
1063800, 17.3, 16.1
1068300, 17.3, 16.8
1074600, 17.7, 18.3
1083600, 19.7, 21.2
1086300, 20.0, 21.0
1107000, 20.3, 19.2
1118700, 19.4, 18.3
1123200, 19.2, 18.0
1127700, 18.9, 17.8
1132200, 18.7, 17.8
1141200, 18.5, 17.2
1145700, 18.2, 16.5
1150200, 17.9, 16.3
1154700, 17.8, 17.0
1168200, 19.4, 20.8
1179900, 20.3, 20.0
1184400, 20.0, 19.2
1188900, 19.8, 19.3
1191600, 19.6, 17.3
1196100, 19.7, 17.6
1200600, 19.2, 17.2
1205100, 18.8, 17.0
1209600, 18.3, 16.5
1214100, 18.0, 16.3
1218600, 17.7, 16.1
1223100, 17.6, 16.1
1227600, 17.5, 16.1
1232100, 17.5, 16.1
1236600, 17.4, 16.1
1238400, 17.3, 16.1
1242900, 17.4, 16.5
1247400, 17.4, 17.0
1251900, 17.9, 18.7
1260900, 19.4, 21.0
1265400, 19.7, 21.0
1269900, 19.9, 20.3
1272600, 19.8, 19.6
1277100, 19.6, 19.0
1281600, 19.5, 18.8
1286100, 19.3, 18.3
1290600, 19.0, 18.1
1297800, 18.5, 17.2
1306800, 17.9, 16.2
1313100, 17.5, 15.8
1317600, 17.3, 15.8
1322100, 17.1, 16.0
1326600, 17.3, 16.7
1331100, 17.6, 17.5
1332900, 17.7, 17.5
1335600, 18.0, 18.7
1337400, 18.5, 20.3
1340100, 18.8, 19.6
1341900, 19.0, 19.5
1344600, 19.1, 19.6
1349100, 19.4, 20.0
1353600, 19.6, 20.5
1365300, 19.7, 19.1
1369800, 19.6, 18.7
1378800, 19.1, 18.1
1383300, 18.9, 17.3
1387800, 18.6, 17.2
1401300, 18.0, 16.2
1405800, 17.7, 16.1
1410300, 17.5, 16.2
1414800, 17.6, 17.0
1419300, 17.7, 17.6
1423800, 18.5, 19.6
1428300, 19.2, 21.3
1437300, 19.4, 17.7
1441800, 19.4, 18.5
1444500, 19.3, 18.5
1446300, 19.2, 18.2
1449000, 19.1, 17.8
1453500, 19.0, 17.8
1458000, 19.0, 17.8
1467000, 18.5, 17.2
1476000, 18.2, 17.1
1485000, 17.8, 15.8
1489500, 17.4, 15.6
1491300, 17.3, 15.6
1495800, 17.2, 15.6
1500300, 17.1, 16.1
1504800, 17.3, 17.5
1513800, 21.0, 23.3
1518300, 22.2, 25.0
1521000, 22.5, 24.6
1528200, 23.6, 24.2
1530900, 23.2, 23.2
1535400, 22.8, 22.2
1538100, 22.4, 21.0
1549800, 21.1, 19.8
1552500, 20.8, 19.3
1557000, 20.3, 18.7
1561500, 19.9, 18.2
1573200, 19.0, 17.3
1577700, 18.7, 17.0
1582200, 18.4, 17.2
1586700, 18.4, 17.6
1591200, 18.6, 18.5
1595700, 19.4, 21.6
1600200, 20.4, 23.6
1602900, 21.1, 24.6
1610100, 22.3, 24.6
1614600, 22.6, 24.0
1617300, 22.6, 23.8
1621800, 22.5, 23.2
1624500, 22.5, 23.3
1631700, 22.0, 20.7
1634400, 21.8, 20.5
1638900, 21.3, 19.7
1643400, 20.8, 19.1
1646100, 20.6, 19.1
1650600, 20.2, 18.8
1662300, 19.5, 18.0
1666800, 19.4, 17.6
1671300, 19.2, 17.8
1675800, 19.1, 18.8
1678500, 19.4, 19.7
1680300, 19.6, 22.3
1687500, 21.4, 24.8
1690200, 22.1, 25.8
1694700, 23.0, 25.0
1697400, 23.1, 24.6
1701900, 23.2, 24.2
1707300, 23.1, 23.8
1711800, 22.9, 23.5
1714500, 22.9, 22.8
1717200, 22.7, 22.1
1721700, 22.3, 21.5
1724400, 22.0, 21.1
1728900, 21.7, 20.6
1731600, 21.4, 20.3
1736100, 21.1, 19.7
1738800, 20.9, 19.5
1743300, 20.6, 19.1
1747800, 20.3, 18.6
1750500, 20.1, 18.5
1764000, 20.1, 20.8
1771200, 21.4, 24.0
1778400, 22.8, 25.2
1781100, 23.2, 25.3
1785600, 23.3, 24.7
1791000, 23.5, 24.3
1798200, 23.4, 23.0
1800900, 23.1, 22.6
1805400, 22.7, 21.8
1808100, 22.5, 21.6
1815300, 21.8, 20.6
1818000, 21.5, 20.2
1822500, 21.2, 19.5
1829700, 20.6, 18.8
1836900, 20.1, 18.5
1841400, 19.8, 18.3
1845900, 19.8, 19.1
1860300, 22.3, 25.6
1864800, 23.4, 26.6
1870200, 24.8, 26.3
1880100, 25.0, 25.1
1882800, 24.8, 24.5
1885500, 24.6, 23.8
1888200, 24.2, 23.2
1895400, 23.4, 22.2
1898100, 23.1, 21.8
1900800, 22.8, 21.3
1905300, 22.3, 20.7
1908000, 22.0, 20.1
1912500, 21.5, 19.7
1919700, 20.8, 19.0
1922400, 20.6, 18.7
1926900, 20.3, 18.6
1931400, 20.1, 19.2
1934100, 20.3, 20.3
1938600, 20.9, 22.1
1943100, 21.9, 24.3
1945800, 22.5, 24.7
1948500, 23.1, 25.2
1953000, 23.7, 24.6
1955700, 23.8, 23.8
1958400, 23.7, 23.0
1965600, 23.3, 23.0
1968300, 23.2, 23.1
1972800, 23.2, 23.0
1975500, 23.2, 23.0
1978200, 23.1, 22.5
1982700, 22.5, 20.2
1985400, 22.0, 19.3
1989900, 21.1, 17.7
1999800, 19.5, 16.2
2001600, 19.2, 16.0
2004300, 18.8, 15.8
2013300, 17.9, 15.0
2017800, 17.6, 15.6
2026800, 18.5, 19.6
2031300, 19.5, 22.2
2035800, 20.8, 24.2
2045700, 22.6, 24.7
2050200, 23.1, 24.7
2052900, 23.2, 24.5
2055600, 23.1, 23.7
2060100, 23.2, 23.3
2062800, 23.0, 22.7
2065500, 22.9, 22.1
2070000, 22.6, 21.2
2072700, 22.2, 20.7
2075400, 21.8, 20.3
2079900, 21.4, 19.8
2082600, 21.1, 19.5
2087100, 20.8, 19.2
2098800, 20.1, 18.7
2101500, 20.1, 18.8
2110500, 20.5, 21.5
2113200, 21.2, 23.5
2117700, 22.1, 25.0
2120400, 22.9, 25.8
2123100, 23.4, 26.7
2127600, 24.1, 26.0
2130300, 24.1, 25.8
2133000, 24.1, 25.2
2135700, 24.1, 24.7
2142900, 23.8, 23.6
2145600, 23.7, 23.5
2148300, 23.6, 23.1
2155500, 23.0, 22.1
2158200, 22.8, 21.8
2168100, 22.0, 20.2
2175300, 21.3, 19.0
2179800, 20.8, 18.7
2182500, 20.5, 18.5
2198700, 21.0, 23.7
2201400, 21.4, 23.6
2205900, 22.5, 25.2
2208600, 23.0, 25.5
2215800, 23.9, 25.2
2228400, 24.1, 24.1
2231100, 24.0, 23.7
2241000, 23.2, 22.1
2243700, 22.9, 21.7
2246400, 22.7, 21.3
2250900, 22.2, 20.7
2253600, 22.0, 20.3
2258100, 21.6, 19.8
2260800, 21.3, 20.0
2265300, 21.1, 19.6
2268000, 21.0, 19.5
2272500, 20.8, 19.8
2275200, 20.8, 20.2
2279700, 21.0, 21.1
2282400, 21.2, 22.1
2286900, 21.9, 24.1
2294100, 23.3, 25.2
2296800, 23.6, 25.2
2312100, 23.5, 23.2
2319300, 23.0, 22.1
2322000, 22.9, 21.6
2331900, 22.1, 20.5
2336400, 21.7, 19.8
2339100, 21.5, 19.5
2343600, 21.1, 19.0
2350800, 20.4, 18.0
2358000, 19.7, 17.2
2362500, 19.4, 17.6
2369700, 19.8, 19.8
2374200, 20.7, 22.3
2376900, 21.4, 22.5
2381400, 22.2, 24.1
2384100, 22.5, 24.0
2391300, 22.8, 22.7
2394000, 22.7, 22.5
2398500, 22.5, 22.0
2401200, 22.4, 21.6
2403900, 22.2, 21.3
2408400, 22.1, 20.8
2415600, 21.6, 20.1
2418300, 21.5, 20.0
2422800, 21.2, 19.2
2425500, 20.9, 19.0
2430000, 20.6, 18.5
2437200, 20.0, 17.8
2444400, 19.5, 17.5
2448900, 19.3, 17.7
2453400, 19.4, 18.6
2457900, 19.8, 20.6
2460600, 20.3, 21.5
2465100, 21.3, 23.1
2467800, 21.7, 23.6
2489400, 21.9, 21.3
2492100, 21.7, 20.7
2496600, 21.4, 20.2
2499300, 21.2, 20.0
2503800, 20.8, 19.5
2508300, 20.6, 19.1
2515500, 20.1, 18.3
2522700, 19.6, 17.7
2527200, 19.3, 17.3
2531700, 19.1, 17.3
2534400, 19.0, 17.6
2538900, 19.3, 18.5
2543400, 19.5, 20.3
2547900, 20.4, 22.2
2550600, 21.0, 22.6
2555100, 21.7, 23.6
2557800, 22.0, 22.7
2562300, 22.0, 22.3
2565000, 22.0, 22.1
2574900, 21.6, 20.8
2579400, 21.4, 20.3
2586600, 21.0, 19.5
2589300, 20.8, 19.1
2598300, 20.0, 17.8
2601000, 19.7, 17.6
2605500, 19.3, 17.1
2610000, 18.9, 16.5
2614500, 18.5, 16.0
2617200, 18.2, 15.8
2623500, 18.0, 16.6
2626200, 18.2, 17.8
2628000, 18.4, 18.2
2639700, 21.0, 23.1
2642400, 21.4, 23.0
2646900, 21.6, 22.2
2649600, 21.6, 21.8
2654100, 21.6, 21.8
2656800, 21.9, 21.6
2664000, 21.5, 20.8
2666700, 21.4, 20.5
2671200, 21.2, 19.8
2682900, 20.5, 18.7
2694600, 19.4, 17.1
2697300, 19.1, 16.7
2706300, 18.3, 16.6
2710800, 18.3, 17.6
2715300, 18.8, 19.2
2722500, 20.4, 22.6
2727000, 21.3, 23.8
2734200, 22.1, 23.7
2744100, 22.5, 22.3
2751300, 22.1, 21.5
2754000, 22.1, 21.1
2758500, 21.9, 20.6
2765700, 21.1, 19.6
2768400, 20.9, 19.5
2772900, 20.5, 19.0
2787300, 19.8, 18.5
2791800, 19.6, 18.0
2800800, 19.5, 18.7
2812500, 20.5, 22.2
2819700, 21.6, 23.6
2822400, 21.9, 23.3
2826900, 22.1, 22.3
2834100, 21.9, 21.5
2836800, 21.8, 21.2
2841300, 21.6, 20.7
2844000, 21.5, 20.5
2848500, 21.3, 20.3
2855700, 21.0, 20.1
2858400, 21.0, 20.1
2862900, 20.8, 19.7
2865600, 20.7, 19.3
2870100, 20.5, 18.8
2889000, 20.3, 20.8
2893500, 21.0, 23.0
2900700, 22.2, 23.6
2903400, 22.5, 23.8
2907900, 22.6, 23.3
2910600, 22.6, 22.7
2915100, 22.5, 22.3
2920500, 22.2, 21.7
2925000, 22.3, 21.5
2927700, 22.1, 21.2
2932200, 21.7, 21.0
2934900, 21.6, 21.0
2939400, 21.6, 21.0
2942100, 21.5, 20.8
2953800, 21.1, 18.8
2956500, 20.9, 19.0
2961000, 20.8, 18.6
2968200, 20.3, 18.6
2977200, 20.3, 19.3
2979900, 20.3, 19.5
2996100, 21.5, 20.7
2998800, 21.5, 21.0
3003300, 21.6, 20.6
3007800, 21.3, 20.3
3010500, 21.1, 20.3
3015000, 21.0, 20.0
3017700, 20.8, 19.6
3022200, 20.4, 19.1
3026700, 20.2, 18.7
3029400, 20.0, 18.2
3033900, 19.6, 17.6
3050100, 18.5, 17.0
3051900, 18.5, 17.0
3059100, 18.7, 18.1
3063600, 18.9, 19.2
3068100, 19.2, 19.5
3079800, 20.8, 22.7
3084300, 21.2, 22.7
3091500, 21.6, 22.5
3094200, 21.6, 22.2
3098700, 21.6, 21.7
3105900, 21.3, 20.3
3108600, 21.1, 20.1
3113100, 20.8, 19.7
3117600, 20.5, 19.2
3120300, 20.3, 19.1
3124800, 20.1, 18.7
3129300, 19.9, 18.3
3136500, 19.5, 18.2
3141000, 19.4, 18.6
3143700, 19.4, 18.8
3145500, 19.6, 19.3
3152700, 20.5, 22.1
3157200, 21.1, 22.0
3159900, 21.3, 22.6
3171600, 21.6, 21.8
3174300, 21.6, 21.7
3181500, 21.5, 21.0
3186000, 21.4, 20.6
3188700, 21.3, 20.3
3193200, 21.0, 20.1
3195900, 20.9, 20.0
3200400, 20.7, 19.7
3204900, 20.6, 19.5
3207600, 20.5, 19.5
3212100, 20.4, 19.2
3214800, 20.3, 19.1
3219300, 20.2, 17.5
3228300, 19.7, 18.5
3235500, 19.8, 20.2
3244500, 20.7, 22.2
3247200, 21.1, 23.1
3251700, 21.6, 23.0
3254400, 21.9, 23.0
3258900, 22.0, 22.6
3266100, 22.0, 22.1
3268800, 22.0, 21.8
3276000, 21.5, 20.7
3280500, 21.0, 20.1
3283200, 20.8, 19.5
3287700, 20.4, 19.0
3290400, 20.1, 18.7
3294900, 19.8, 18.3
3299400, 19.6, 17.7
3303900, 19.1, 17.2
3306600, 18.9, 16.8
3315600, 18.5, 17.1
3324600, 19.3, 20.5
3329100, 19.8, 21.5
3331800, 20.3, 22.1
3336300, 21.0, 22.7
3340800, 21.1, 21.5
3343500, 21.1, 21.5
3348000, 21.1, 21.1
3350700, 21.4, 21.6
3355200, 21.4, 22.0
3362400, 21.3, 20.5
3365100, 21.0, 19.6
3369600, 20.6, 18.6
3376800, 19.7, 17.3
3381300, 19.2, 16.8
3385800, 18.8, 16.6
3388500, 18.6, 16.2
3393000, 18.3, 16.0
3402000, 18.1, 17.2
3411000, 19.1, 20.7
3415500, 20.0, 21.0
3418200, 20.3, 21.0
3422700, 20.6, 21.1
3425400, 20.8, 21.8
3429900, 21.0, 21.7
3434400, 21.1, 21.5
3437100, 21.0, 21.1
3441600, 21.0, 20.2
3460500, 19.1, 16.8
3490200, 18.1, 17.5
3494700, 18.5, 22.0
3499200, 19.4, 21.2
3503700, 20.2, 22.3
3506400, 20.6, 22.8
3510900, 21.2, 22.6
3513600, 21.3, 22.3
3525300, 21.9, 22.2
3528000, 21.7, 21.8
3532500, 21.5, 21.0
3535200, 21.4, 20.6
3549600, 20.0, 18.3
3554100, 19.7, 18.0
3558600, 19.3, 17.6
3561300, 19.2, 17.2
3565800, 18.8, 16.7
3570300, 18.6, 17.0
3582000, 19.2, 19.8
3586500, 20.8, 22.1
3591000, 22.0, 23.3
3593700, 22.1, 22.7
3600900, 21.9, 21.7
3603600, 21.7, 21.1
3608100, 21.4, 20.7
3615300, 21.2, 20.1
3618000, 21.1, 19.8
3622500, 20.8, 19.7
3625200, 20.6, 19.6
3629700, 20.5, 19.8
3636900, 20.4, 19.8
3648600, 20.3, 19.6
3653100, 20.1, 19.6
3660300, 20.5, 20.2
3667500, 20.7, 21.0
3672000, 21.0, 21.2
3674700, 21.3, 21.5
3679200, 21.5, 21.8
3696300, 21.7, 21.6
3706200, 21.5, 21.0
3710700, 21.4, 20.8
3713400, 21.3, 20.7
3717900, 21.2, 20.7
3722400, 21.1, 20.5
3725100, 21.1, 20.5
3729600, 21.0, 20.2
3732300, 20.9, 20.0
3748500, 20.6, 20.7
3751200, 20.7, 20.8
3755700, 21.0, 21.3
3758400, 21.3, 21.3
3762900, 21.4, 20.5
3765600, 21.1, 19.6
3770100, 20.7, 19.1
3777300, 20.4, 19.7
3781800, 20.3, 19.7
3786300, 20.4, 19.6
3789000, 20.4, 19.6
3798000, 20.0, 18.5
3809700, 19.4, 18.1
3816900, 19.2, 17.6
3821400, 19.0, 17.5
3843900, 20.0, 22.2
3853800, 22.0, 24.2
3858300, 22.6, 23.3
3861000, 22.8, 22.8
3868200, 22.5, 22.0
3875400, 22.1, 21.5
3878100, 22.0, 21.2
3882600, 21.8, 22.0
3885300, 21.8, 21.7
3889800, 21.6, 21.1
3892500, 21.5, 20.8
3897000, 21.2, 20.5
3899700, 21.1, 20.2
3904200, 20.8, 19.7
3906900, 20.7, 19.3
3911400, 20.3, 19.0
3918600, 20.0, 19.1
3930300, 21.0, 23.0
3934800, 21.9, 24.5
3947400, 23.6, 25.8
3957300, 24.2, 25.7
3960000, 24.5, 25.5
3969900, 23.9, 23.5
3972600, 23.6, 23.1
3982500, 22.7, 21.6
3989700, 22.1, 20.7
3992400, 21.9, 20.3
3999600, 21.3, 19.7
4006800, 20.9, 20.1
4011300, 21.1, 21.1
4018500, 22.2, 23.5
4021200, 22.7, 24.2
4023900, 23.1, 25.0
4031100, 23.3, 23.0
4033800, 23.1, 22.1
4041000, 22.8, 21.3
4043700, 22.5, 21.1
4048200, 22.1, 21.2
4058100, 21.7, 20.7
4065300, 21.4, 20.1
4068000, 21.3, 20.0
4072500, 21.0, 19.6
4075200, 20.8, 19.2
4082400, 20.4, 18.6
4094100, 20.0, 19.2
4103100, 21.0, 22.6
4113000, 22.1, 22.3
4117500, 22.1, 22.1
4120200, 22.1, 21.8
4122900, 22.0, 21.6
4130100, 22.1, 21.2
4134600, 22.0, 20.6
4149000, 21.0, 19.3
4151700, 20.8, 19.2
4156200, 20.5, 18.8
4158900, 20.4, 18.7
4167900, 19.8, 18.0
4170600, 19.6, 17.7
4182300, 19.8, 19.5
4184100, 19.8, 19.6
4191300, 20.6, 20.7
4194000, 20.6, 20.7
4198500, 20.8, 21.6
4203000, 21.1, 21.8
4205700, 21.2, 21.6
4217400, 21.3, 20.6
4220100, 21.1, 20.3
4224600, 21.0, 19.8
4227300, 20.9, 19.6
4231800, 20.7, 19.3
4234500, 20.5, 19.2
4246200, 19.7, 17.8
4250700, 19.5, 17.5
4255200, 19.2, 17.2
4259700, 19.0, 17.3
4262400, 18.9, 17.6
4264200, 18.9, 17.8
4266900, 19.0, 18.3
4275900, 20.3, 22.7
4278600, 21.0, 23.8
4283100, 22.0, 25.1
4285800, 22.5, 24.2
4297500, 22.1, 21.8
4302900, 21.9, 21.6
4307400, 21.9, 21.3
4310100, 21.8, 21.3
4314600, 21.7, 20.6
4317300, 21.6, 20.5
4321800, 21.3, 20.1
4324500, 21.2, 19.8
4336200, 20.4, 19.0
4355100, 19.9, 20.3
4359600, 20.6, 23.1
4366800, 22.4, 25.6
4369500, 23.0, 26.5
4374000, 23.8, 26.6
4389300, 24.3, 23.6
4392000, 24.6, 23.7
4394700, 24.6, 23.0
4397400, 24.2, 22.3
4404600, 23.3, 21.7
4407300, 23.0, 21.2
4410000, 22.7, 21.2
4414500, 22.2, 21.5
4417200, 22.1, 21.2
4421700, 21.8, 20.8
4428900, 21.5, 20.5
4443300, 21.5, 22.5
4446000, 21.8, 23.6
4448700, 22.4, 25.2
4468500, 25.4, 27.6
4473900, 25.8, 27.7
4479300, 25.8, 26.8
4482000, 25.6, 26.3
4484700, 25.5, 25.8
4487400, 25.3, 25.2
4490100, 25.1, 24.7
4497300, 24.5, 23.8
4502700, 24.1, 23.1
4515300, 23.1, 21.7
4518000, 22.9, 21.6
4522500, 22.7, 21.8
4525200, 22.6, 22.2
4527900, 22.8, 23.0
4532400, 23.3, 25.3
4540500, 25.2, 28.5
4567500, 27.2, 27.3
4570200, 26.9, 26.7
4572900, 26.6, 26.0
4575600, 26.3, 25.6
4588200, 25.1, 23.7
4590900, 24.8, 23.3
4593600, 24.6, 23.0
4606200, 23.5, 22.3
4608900, 23.5, 22.6
4611600, 23.5, 23.2
4621500, 25.2, 28.6
4629600, 27.0, 30.0
4632300, 27.3, 29.6
4635000, 27.5, 29.3
4637700, 27.5, 28.8
4640400, 27.5, 27.8
4643100, 27.3, 27.2
4645800, 27.0, 26.5
4648500, 26.7, 26.2
4662000, 25.4, 24.2
4664700, 25.2, 24.0
4667400, 24.9, 23.6
4670100, 24.7, 23.2
4677300, 24.1, 22.5
4680000, 23.8, 22.1
4685400, 23.4, 21.7
4689900, 23.1, 21.3
4695300, 22.8, 21.7
4699800, 23.0, 22.8
4702500, 23.4, 24.2
4705200, 23.9, 25.8
4725900, 26.4, 26.7
4731300, 26.1, 26.1
4734000, 26.0, 25.6
4736700, 25.8, 25.2
4747500, 25.2, 23.8
4757400, 24.2, 22.6
4760100, 23.9, 22.2
4770000, 23.0, 21.2
4772700, 22.8, 21.0
4779900, 22.4, 20.7
4789800, 22.7, 23.5
4792500, 23.3, 25.3
4802400, 25.4, 27.3
4813200, 26.0, 27.6
4815900, 26.2, 27.2
4829400, 25.6, 24.6
4832100, 25.4, 24.2
4842000, 24.4, 23.0
4844700, 24.2, 22.6
4847400, 24.0, 22.5
4854600, 23.3, 21.5
4857300, 23.1, 21.1
4860000, 22.9, 20.8
4869900, 22.4, 21.8
4877100, 23.1, 27.6
4879800, 23.7, 26.7
4882500, 24.6, 27.6
4892400, 26.5, 28.5
4895100, 26.6, 28.1
4897800, 26.7, 28.0
4900500, 26.7, 27.5
4916700, 26.6, 25.7
4919400, 26.6, 25.6
4922100, 26.3, 25.0
4924800, 26.1, 24.5
4927500, 25.8, 24.5
4930200, 25.5, 24.2
4932900, 25.2, 23.8
4935600, 24.9, 23.6
4938300, 24.7, 23.1
4941000, 24.5, 22.8
4948200, 23.9, 22.0
4950900, 23.7, 22.0
4956300, 23.4, 22.5
4963500, 24.0, 24.6
4966200, 24.3, 25.2
4968900, 24.7, 26.8
5000400, 26.1, 24.8
5011200, 25.3, 24.0
5013900, 25.1, 23.6
5016600, 24.9, 23.3
5019300, 24.7, 23.0
5026500, 24.0, 22.1
5029200, 23.7, 21.8
5039100, 23.1, 21.6
5041800, 23.0, 22.0
5054400, 24.7, 27.2
5057100, 25.2, 27.8
5081400, 27.3, 26.3
5084100, 27.1, 26.0
5086800, 26.8, 25.7
5089500, 26.5, 25.3
5092200, 26.3, 24.8
5107500, 25.2, 24.1
5110200, 25.1, 23.8
5115600, 24.7, 23.3
5118300, 24.5, 23.2
5125500, 24.3, 23.6
5133600, 24.5, 25.1
5146200, 26.7, 30.2
5148900, 27.2, 30.2
5151600, 27.5, 28.5
5154300, 27.5, 27.7
5159700, 27.2, 27.5
5162400, 27.1, 27.2
5165100, 27.0, 27.0
5170500, 27.0, 26.1
5173200, 26.7, 25.8
5175900, 26.5, 25.6
5181300, 26.1, 25.1
5184000, 25.9, 25.1
5192100, 25.4, 24.2
5194800, 25.2, 23.8
5197500, 24.9, 23.6
5204700, 24.4, 22.7
5210100, 24.0, 22.5
5212800, 23.9, 22.6
5220000, 23.9, 23.7
5222700, 24.3, 28.5
5225400, 24.7, 26.7
5238000, 26.3, 26.6
5240700, 26.3, 26.6
5248800, 26.0, 25.8
5254200, 25.9, 25.5
5256900, 26.0, 25.1
5262300, 25.8, 24.6
5267700, 25.4, 24.0
5277600, 24.8, 23.3
5280300, 24.6, 23.2
5283000, 24.5, 23.3
5285700, 24.4, 23.3
5301000, 24.0, 23.1
5308200, 24.4, 25.0
5310900, 24.8, 26.1
5313600, 25.2, 26.3
5321700, 26.4, 28.1
5324400, 26.7, 27.7
5327100, 26.8, 27.8
5353200, 25.6, 24.6
5355900, 25.5, 24.5
5358600, 25.4, 24.5
5361300, 25.2, 24.3
5364000, 25.2, 24.3
5366700, 25.1, 24.2
5373900, 24.8, 23.8
5376600, 24.8, 23.6
5379300, 24.6, 23.3
5382000, 24.5, 23.2
5394600, 24.5, 25.2
5397300, 24.7, 25.1
5400000, 24.8, 25.5
5409900, 25.3, 25.1
5412600, 25.5, 26.6
5420700, 26.0, 26.5
5426100, 26.0, 26.1
5428800, 26.1, 26.0
5438700, 25.7, 25.0
5444100, 25.4, 25.0
5449500, 25.1, 23.6
5452200, 24.8, 23.1
5462100, 23.8, 22.1
5464800, 23.6, 21.7
5467500, 23.4, 21.3
5472000, 23.0, 21.2
5474700, 22.8, 21.2
5477400, 22.7, 21.8
5481900, 22.9, 25.6
5487300, 23.8, 25.1
5491800, 24.5, 26.3
5494500, 24.8, 26.3
5497200, 25.1, 26.7
5505300, 25.6, 26.7
5508000, 25.8, 26.7
5523300, 25.2, 24.3
5526000, 25.0, 24.0
5528700, 24.7, 23.6
5534100, 24.3, 23.0
5541300, 23.7, 22.2
5544000, 23.5, 21.7
5546700, 23.3, 21.6
5553900, 22.7, 20.6
5556600, 22.6, 20.6
5566500, 22.9, 23.3
5573700, 24.3, 27.0
5576400, 25.0, 27.5
5579100, 25.5, 27.7
5581800, 25.9, 27.5
5584500, 26.1, 27.7
5589900, 26.3, 27.6
5616000, 25.0, 24.0
5618700, 24.7, 23.7
5621400, 24.6, 23.3
5636700, 23.7, 22.6
5639400, 23.6, 22.3
5642100, 23.5, 22.1
5646600, 23.3, 22.3
5649300, 23.4, 23.3
5652000, 23.6, 24.0
5654700, 23.9, 27.8
5661900, 25.8, 29.3
5667300, 27.2, 30.5
5681700, 27.7, 27.8
5684400, 27.5, 27.6
5687100, 27.4, 27.5
5689800, 27.2, 27.1
5692500, 27.1, 26.7
5695200, 26.9, 26.2
5697900, 26.7, 26.0
5700600, 26.5, 25.6
5708700, 26.0, 25.1
5711400, 25.9, 25.1
5716800, 25.6, 24.6
5719500, 25.4, 24.3
5722200, 25.3, 24.2
5737500, 24.9, 25.5
5742900, 25.7, 28.1
5748300, 26.9, 29.7
5751000, 27.5, 30.6
5759100, 28.4, 31.0
5773500, 28.1, 28.3
5778900, 27.6, 26.6
5781600, 27.2, 26.0
5784300, 26.8, 25.2
5792400, 25.6, 23.6
5795100, 25.2, 23.1
5797800, 24.8, 22.6
5800500, 24.5, 22.1
5807700, 23.7, 21.3
5810400, 23.4, 21.0
5813100, 23.1, 20.8
5815800, 22.9, 20.7
5820300, 22.6, 21.3
5823000, 22.7, 22.2
5825700, 22.9, 23.0
5832900, 24.6, 27.3
5835600, 25.3, 28.5
5838300, 26.1, 29.2
5841000, 26.5, 29.2
5843700, 26.9, 29.1
5846400, 27.2, 29.1
5849100, 27.3, 28.8
5851800, 27.4, 28.8
5863500, 28.3, 28.0
5871600, 27.5, 26.3
5874300, 27.2, 25.7
5877000, 26.8, 25.3
5879700, 26.4, 24.6
5887800, 25.3, 23.3
5890500, 24.9, 22.6
5895900, 24.3, 21.8
5905800, 23.4, 21.7
5908500, 23.4, 22.2
5913900, 23.7, 25.0
5918400, 24.6, 26.5
5921100, 25.1, 26.5
5929200, 26.2, 27.0
5931900, 26.2, 26.5
5934600, 26.1, 26.2
5937300, 26.1, 26.2
5942700, 26.1, 26.1
5953500, 25.4, 24.2
5956200, 25.1, 23.7
5976900, 23.6, 21.6
5984100, 23.0, 21.1
5986800, 22.9, 20.8
5989500, 22.7, 21.0
5994000, 22.8, 21.8
5999400, 23.1, 23.3
6009300, 25.1, 27.3
6014700, 25.9, 27.5
6044400, 25.4, 24.0
6047100, 25.2, 23.8
6049800, 25.1, 23.6
6059700, 24.4, 22.6
6067800, 23.7, 21.7
6075000, 23.2, 21.6
6077700, 23.1, 22.0
6080400, 23.3, 22.6
6084900, 23.5, 23.8
6087600, 23.8, 25.6
6093000, 25.1, 27.6
6095700, 25.5, 27.8
6114600, 26.8, 26.5
6117300, 26.6, 25.8
6135300, 25.4, 24.6
6138000, 25.3, 24.5
6140700, 25.2, 24.3
6143400, 25.1, 24.0
6146100, 25.0, 23.6
6151500, 24.7, 23.3
6161400, 24.2, 23.0
6166800, 24.1, 23.3
6174000, 24.4, 25.8
6176700, 24.9, 26.7
6179400, 25.3, 27.5
6182100, 25.9, 28.5
6187500, 26.9, 29.3
6190200, 27.2, 29.1
6192900, 27.5, 29.0
6195600, 27.5, 29.0
6201000, 27.6, 28.6
6203700, 27.6, 28.1
6206400, 27.4, 27.6
6209100, 27.2, 27.0
6214500, 26.8, 25.7
6219900, 26.0, 24.8
